name,roll,salary,age,marks,cpi,city,name,roll
rashi,53,48756,44,98,8.0,jal,rashi,52
rashi,53,48756,44,98,8.0,jal,bansal,1
rashi,53,48756,44,98,8.0,jal,sparsh,1000
rashi,53,48756,44,98,8.0,jal,shivam,1000
bansal,1,4876,068,77,8,chand,rashi,52
bansal,1,4876,068,77,8,chand,bansal,1
bansal,1,4876,068,77,8,chand,sparsh,1000
bansal,1,4876,068,77,8,chand,shivam,1000
sparsh,100,8765,575,74,9.0,bxr,rashi,52
sparsh,100,8765,575,74,9.0,bxr,bansal,1
sparsh,100,8765,575,74,9.0,bxr,sparsh,1000
sparsh,100,8765,575,74,9.0,bxr,shivam,1000
shivam,1000,576,5465,14,10,chandi,rashi,52
shivam,1000,576,5465,14,10,chandi,bansal,1
shivam,1000,576,5465,14,10,chandi,sparsh,1000
shivam,1000,576,5465,14,10,chandi,shivam,1000
